analysis,rho,p_value
DPUE_vs_RAIW,0.9919343012171872,6.154563747481872e-61
