response,rho,p_value
DPUE,-0.06792183750258315,0.5820793997979006
RAI_W,-0.029467362071731364,0.8114616766979157
Positive_detections,0.009050028571091584,0.9416101046042664
